,Up Probability,Down Probability,Model AUC
Logistic Regression,0.12078118739136615,0.8792188126086339,0.7952674897119342
AdaBoost,0.294717042925506,0.7052829570744941,0.7776063100137174
CatBoost,0.031774965756525005,0.968225034243475,0.7743484224965707
XGBoost,0.0021063825115561485,0.9978936314582825,0.7472565157750343
LightGBM,0.0040776710598305795,0.9959223289401694,0.7472565157750343
Random Forest,0.06,0.94,0.7820644718792866
Consensus,0.086806748780275,0.9131932512197249,
