,Up Probability,Down Probability,Model AUC
Logistic Regression,0.4347984839619516,0.5652015160380484,0.7047002344535
AdaBoost,0.4893550262743921,0.510644973725608,0.7581779613709948
CatBoost,0.17897389522702298,0.821026104772977,0.7710170816121469
XGBoost,0.06410544365644455,0.9358945488929749,0.7699006363737858
LightGBM,0.022477087155989374,0.9775229128440106,0.7755945070894272
Random Forest,0.37,0.63,0.7295411410070336
Consensus,0.2555219243698403,0.7444780756301597,
